member_casual,rideable_type
casual,electric_bike
casual,electric_bike
casual,electric_bike
casual,electric_bike
casual,electric_bike
casual,electric_bike
casual,electric_bike
casual,electric_bike
casual,electric_bike
casual,electric_bike
casual,electric_bike
casual,electric_bike
casual,electric_bike
casual,electric_bike
casual,electric_bike
casual,electric_bike
casual,electric_bike
casual,electric_bike
casual,electric_bike
casual,electric_bike
casual,electric_bike
casual,electric_bike
casual,electric_bike
casual,electric_bike
casual,electric_bike
casual,electric_bike
casual,electric_bike
casual,electric_bike
casual,electric_bike
casual,electric_bike
casual,electric_bike
casual,electric_bike
casual,electric_bike
casual,electric_bike
casual,electric_bike
casual,electric_bike
casual,electric_bike
casual,electric_bike
casual,electric_bike
casual,electric_bike
casual,electric_bike
casual,electric_bike
casual,electric_bike
casual,electric_bike
casual,electric_bike
casual,electric_bike
casual,electric_bike
casual,electric_bike
casual,electric_bike
casual,electric_bike
casual,electric_bike
casual,electric_bike
casual,electric_bike
casual,electric_bike
casual,electric_bike
casual,electric_bike
casual,electric_bike
casual,electric_bike
casual,electric_bike
casual,electric_bike
casual,electric_bike
casual,electric_bike
casual,electric_bike
casual,electric_bike
casual,electric_bike
casual,electric_bike
casual,electric_bike
casual,electric_bike
casual,electric_bike
casual,electric_bike
casual,electric_bike
casual,electric_bike
casual,electric_bike
casual,electric_bike
casual,electric_bike
casual,electric_bike
casual,electric_bike
casual,electric_bike
casual,electric_bike
casual,electric_bike
casual,electric_bike
casual,electric_bike
casual,electric_bike
casual,electric_bike
casual,electric_bike
casual,electric_bike
casual,electric_bike
casual,electric_bike
casual,electric_bike
casual,electric_bike
casual,electric_bike
casual,electric_bike
casual,electric_bike
casual,electric_bike
casual,electric_bike
casual,electric_bike
casual,electric_bike
casual,electric_bike
casual,electric_bike
casual,electric_bike
casual,electric_bike
casual,electric_bike
casual,electric_bike
casual,electric_bike
casual,electric_bike
casual,electric_bike
casual,electric_bike
casual,electric_bike
casual,electric_bike
casual,electric_bike
casual,electric_bike
casual,electric_bike
casual,electric_bike
casual,electric_bike
casual,electric_bike
casual,electric_bike
casual,electric_bike
casual,electric_bike
casual,electric_bike
casual,electric_bike
casual,electric_bike
casual,electric_bike
casual,electric_bike
casual,electric_bike
casual,electric_bike
casual,electric_bike
casual,electric_bike
casual,electric_bike
casual,electric_bike
casual,electric_bike
casual,electric_bike
casual,electric_bike
casual,electric_bike
casual,electric_bike
casual,electric_bike
casual,electric_bike
casual,electric_bike
casual,electric_bike
casual,electric_bike
casual,electric_bike
casual,electric_bike
casual,electric_bike
casual,electric_bike
casual,electric_bike
casual,electric_bike
casual,electric_bike
casual,electric_bike
casual,electric_bike
casual,electric_bike
casual,electric_bike
casual,electric_bike
casual,electric_bike
casual,electric_bike
casual,electric_bike
casual,electric_bike
casual,electric_bike
casual,electric_bike
casual,electric_bike
casual,electric_bike
casual,electric_bike
casual,electric_bike
casual,electric_bike
casual,electric_bike
casual,electric_bike
casual,electric_bike
casual,electric_bike
casual,electric_bike
casual,electric_bike
casual,electric_bike
casual,electric_bike
casual,electric_bike
casual,electric_bike
casual,electric_bike
casual,electric_bike
casual,electric_bike
casual,electric_bike
casual,electric_bike
casual,electric_bike
casual,electric_bike
casual,electric_bike
casual,electric_bike
casual,electric_bike
casual,electric_bike
casual,electric_bike
casual,electric_bike
casual,electric_bike
casual,electric_bike
casual,electric_bike
casual,electric_bike
casual,electric_bike
casual,electric_bike
casual,electric_bike
casual,electric_bike
casual,electric_bike
casual,electric_bike
casual,electric_bike
casual,electric_bike
casual,electric_bike
casual,electric_bike
casual,electric_bike
casual,electric_bike
casual,electric_bike
casual,electric_bike
casual,electric_bike
casual,electric_bike
casual,electric_bike
casual,electric_bike
casual,electric_bike
casual,electric_bike
casual,electric_bike
casual,electric_bike
casual,electric_bike
casual,electric_bike
casual,electric_bike
casual,electric_bike
casual,electric_bike
casual,electric_bike
casual,electric_bike
casual,electric_bike
casual,electric_bike
casual,electric_bike
casual,electric_bike
casual,electric_bike
casual,electric_bike
casual,electric_bike
casual,electric_bike
casual,electric_bike
casual,electric_bike
casual,electric_bike
casual,electric_bike
casual,electric_bike
casual,electric_bike
casual,electric_bike
casual,electric_bike
casual,electric_bike
casual,electric_bike
casual,electric_bike
casual,electric_bike
casual,electric_bike
casual,electric_bike
casual,electric_bike
casual,electric_bike
casual,electric_bike
casual,electric_bike
casual,electric_bike
casual,electric_bike
casual,electric_bike
casual,electric_bike
casual,electric_bike
casual,electric_bike
casual,electric_bike
casual,electric_bike
casual,electric_bike
casual,electric_bike
casual,electric_bike
casual,electric_bike
casual,electric_bike
casual,electric_bike
casual,electric_bike
casual,electric_bike
casual,electric_bike
casual,electric_bike
casual,electric_bike
casual,electric_bike
casual,electric_bike
casual,electric_bike
casual,electric_bike
casual,electric_bike
casual,electric_bike
casual,electric_bike
casual,electric_bike
casual,electric_bike
casual,electric_bike
casual,electric_bike
casual,electric_bike
casual,electric_bike
casual,electric_bike
casual,electric_bike
casual,electric_bike
casual,electric_bike
casual,electric_bike
casual,electric_bike
casual,electric_bike
casual,electric_bike
casual,electric_bike
casual,electric_bike
casual,electric_bike
casual,electric_bike
casual,electric_bike
casual,electric_bike
casual,electric_bike
casual,electric_bike
casual,electric_bike
casual,electric_bike
casual,electric_bike
casual,electric_bike
casual,electric_bike
casual,electric_bike
casual,electric_bike
casual,electric_bike
casual,electric_bike
casual,electric_bike
casual,electric_bike
casual,electric_bike
casual,electric_bike
casual,electric_bike
casual,electric_bike
casual,electric_bike
casual,electric_bike
casual,electric_bike
casual,electric_bike
casual,electric_bike
casual,electric_bike
casual,electric_bike
casual,electric_bike
casual,electric_bike
casual,electric_bike
casual,electric_bike
casual,electric_bike
casual,electric_bike
casual,electric_bike
casual,electric_bike
casual,electric_bike
casual,electric_bike
casual,electric_bike
casual,electric_bike
casual,electric_bike
casual,electric_bike
casual,electric_bike
casual,electric_bike
casual,electric_bike
casual,electric_bike
casual,electric_bike
casual,electric_bike
casual,electric_bike
casual,electric_bike
casual,electric_bike
casual,electric_bike
casual,electric_bike
casual,electric_bike
casual,electric_bike
casual,electric_bike
casual,electric_bike
casual,electric_bike
casual,electric_bike
casual,electric_bike
casual,electric_bike
casual,electric_bike
casual,electric_bike
casual,electric_bike
casual,electric_bike
casual,electric_bike
casual,electric_bike
casual,electric_bike
casual,electric_bike
casual,electric_bike
casual,electric_bike
casual,electric_bike
casual,electric_bike
casual,electric_bike
casual,electric_bike
casual,electric_bike
casual,electric_bike
casual,electric_bike
casual,electric_bike
casual,electric_bike
casual,electric_bike
casual,electric_bike
casual,electric_bike
casual,electric_bike
casual,electric_bike
casual,electric_bike
casual,electric_bike
casual,electric_bike
casual,electric_bike
casual,electric_bike
casual,electric_bike
casual,electric_bike
casual,electric_bike
casual,electric_bike
casual,electric_bike
casual,electric_bike
casual,electric_bike
casual,electric_bike
casual,electric_bike
casual,electric_bike
casual,electric_bike
casual,electric_bike
casual,electric_bike
casual,electric_bike
casual,electric_bike
casual,electric_bike
casual,electric_bike
casual,electric_bike
casual,electric_bike
casual,electric_bike
casual,electric_bike
casual,electric_bike
casual,electric_bike
casual,electric_bike
casual,electric_bike
casual,electric_bike
casual,electric_bike
casual,electric_bike
casual,electric_bike
casual,electric_bike
casual,electric_bike
casual,electric_bike
casual,electric_bike
casual,electric_bike
casual,electric_bike
casual,electric_bike
casual,electric_bike
casual,electric_bike
casual,electric_bike
casual,electric_bike
casual,electric_bike
casual,electric_bike
casual,electric_bike
casual,electric_bike
casual,electric_bike
casual,electric_bike
casual,electric_bike
casual,electric_bike
casual,electric_bike
casual,electric_bike
casual,electric_bike
casual,electric_bike
casual,electric_bike
casual,electric_bike
casual,electric_bike
casual,electric_bike
casual,electric_bike
casual,electric_bike
casual,electric_bike
casual,electric_bike
casual,electric_bike
casual,electric_bike
casual,electric_bike
casual,electric_bike
casual,electric_bike
casual,electric_bike
casual,electric_bike
casual,electric_bike
casual,electric_bike
casual,electric_bike
casual,electric_bike
casual,electric_bike
casual,electric_bike
casual,electric_bike
casual,electric_bike
casual,electric_bike
casual,electric_bike
casual,electric_bike
casual,electric_bike
casual,electric_bike
casual,electric_bike
casual,electric_bike
casual,electric_bike
casual,electric_bike
casual,electric_bike
casual,electric_bike
casual,electric_bike
casual,electric_bike
casual,electric_bike
casual,electric_bike
casual,electric_bike
casual,electric_bike
casual,electric_bike
casual,electric_bike
casual,electric_bike
casual,electric_bike
casual,electric_bike
casual,electric_bike
casual,electric_bike
casual,electric_bike
casual,electric_bike
casual,electric_bike
casual,electric_bike
casual,electric_bike
casual,electric_bike
casual,electric_bike
casual,electric_bike
casual,electric_bike
casual,electric_bike
casual,electric_bike
casual,electric_bike
casual,electric_bike
casual,electric_bike
casual,electric_bike
casual,electric_bike
casual,electric_bike
casual,electric_bike
casual,electric_bike
casual,electric_bike
casual,electric_bike
casual,electric_bike
casual,electric_bike
casual,electric_bike
casual,electric_bike
casual,electric_bike
casual,electric_bike
casual,electric_bike
casual,electric_bike
casual,electric_bike
casual,electric_bike
casual,electric_bike
casual,electric_bike
casual,electric_bike
casual,electric_bike
casual,electric_bike
casual,electric_bike
casual,electric_bike
casual,electric_bike
casual,electric_bike
casual,electric_bike
casual,electric_bike
casual,electric_bike
casual,electric_bike
casual,electric_bike
casual,electric_bike
casual,electric_bike
casual,electric_bike
casual,electric_bike
casual,electric_bike
casual,electric_bike
casual,electric_bike
casual,electric_bike
casual,electric_bike
casual,electric_bike
casual,electric_bike
casual,electric_bike
casual,electric_bike
casual,electric_bike
casual,electric_bike
casual,electric_bike
casual,electric_bike
casual,electric_bike
casual,electric_bike
casual,electric_bike
casual,electric_bike
casual,electric_bike
casual,electric_bike
casual,electric_bike
casual,electric_bike
casual,electric_bike
casual,electric_bike
casual,electric_bike
casual,electric_bike
casual,electric_bike
casual,electric_bike
casual,electric_bike
casual,electric_bike
casual,electric_bike
casual,electric_bike
casual,electric_bike
casual,electric_bike
casual,electric_bike
casual,electric_bike
casual,electric_bike
casual,electric_bike
casual,electric_bike
casual,electric_bike
casual,electric_bike
casual,electric_bike
casual,electric_bike
casual,electric_bike
casual,electric_bike
casual,electric_bike
casual,electric_bike
casual,electric_bike
casual,electric_bike
casual,electric_bike
casual,electric_bike
casual,electric_bike
casual,electric_bike
casual,electric_bike
casual,electric_bike
casual,electric_bike
casual,electric_bike
casual,electric_bike
casual,electric_bike
casual,electric_bike
casual,electric_bike
casual,electric_bike
casual,electric_bike
casual,electric_bike
casual,electric_bike
casual,electric_bike
casual,electric_bike
casual,electric_bike
casual,electric_bike
casual,electric_bike
casual,electric_bike
casual,electric_bike
casual,electric_bike
casual,electric_bike
casual,electric_bike
casual,electric_bike
casual,electric_bike
casual,electric_bike
casual,electric_bike
casual,electric_bike
casual,electric_bike
casual,electric_bike
casual,electric_bike
casual,electric_bike
casual,electric_bike
casual,electric_bike
casual,electric_bike
casual,electric_bike
casual,electric_bike
casual,electric_bike
casual,electric_bike
casual,electric_bike
casual,electric_bike
casual,electric_bike
casual,electric_bike
casual,electric_bike
casual,electric_bike
casual,electric_bike
casual,electric_bike
casual,electric_bike
casual,electric_bike
casual,electric_bike
casual,electric_bike
casual,electric_bike
casual,electric_bike
casual,electric_bike
casual,electric_bike
casual,electric_bike
casual,electric_bike
casual,electric_bike
casual,electric_bike
casual,electric_bike
casual,electric_bike
casual,electric_bike
casual,electric_bike
casual,electric_bike
casual,electric_bike
casual,electric_bike
casual,electric_bike
casual,electric_bike
casual,electric_bike
casual,electric_bike
casual,electric_bike
casual,electric_bike
casual,electric_bike
casual,electric_bike
casual,electric_bike
casual,electric_bike
casual,electric_bike
casual,electric_bike
casual,electric_bike
casual,electric_bike
casual,electric_bike
casual,electric_bike
casual,electric_bike
casual,electric_bike
casual,electric_bike
casual,electric_bike
casual,electric_bike
casual,electric_bike
casual,electric_bike
casual,electric_bike
casual,electric_bike
casual,electric_bike
casual,electric_bike
casual,electric_bike
casual,electric_bike
casual,electric_bike
casual,electric_bike
casual,electric_bike
casual,electric_bike
casual,electric_bike
casual,electric_bike
casual,electric_bike
casual,electric_bike
casual,electric_bike
casual,electric_bike
casual,electric_bike
casual,electric_bike
casual,electric_bike
casual,electric_bike
casual,electric_bike
casual,electric_bike
casual,electric_bike
casual,electric_bike
casual,electric_bike
casual,electric_bike
casual,electric_bike
casual,electric_bike
casual,electric_bike
casual,electric_bike
casual,electric_bike
casual,electric_bike
casual,electric_bike
casual,electric_bike
casual,electric_bike
casual,electric_bike
casual,electric_bike
casual,electric_bike
casual,electric_bike
casual,electric_bike
casual,electric_bike
casual,electric_bike
casual,electric_bike
casual,electric_bike
casual,electric_bike
casual,electric_bike
casual,electric_bike
casual,electric_bike
casual,electric_bike
casual,electric_bike
casual,electric_bike
casual,electric_bike
casual,electric_bike
casual,electric_bike
casual,electric_bike
casual,electric_bike
casual,electric_bike
casual,electric_bike
casual,electric_bike
casual,electric_bike
casual,electric_bike
casual,electric_bike
casual,electric_bike
casual,electric_bike
casual,electric_bike
casual,electric_bike
casual,electric_bike
casual,electric_bike
casual,electric_bike
casual,electric_bike
casual,electric_bike
casual,electric_bike
casual,electric_bike
casual,electric_bike
casual,electric_bike
casual,electric_bike
casual,electric_bike
casual,electric_bike
casual,electric_bike
casual,electric_bike
casual,electric_bike
casual,electric_bike
casual,electric_bike
casual,electric_bike
casual,electric_bike
casual,electric_bike
casual,electric_bike
casual,electric_bike
casual,electric_bike
casual,electric_bike
casual,electric_bike
casual,electric_bike
casual,electric_bike
casual,electric_bike
casual,electric_bike
casual,electric_bike
casual,electric_bike
casual,electric_bike
casual,electric_bike
casual,electric_bike
casual,electric_bike
casual,electric_bike
casual,electric_bike
casual,electric_bike
casual,electric_bike
casual,electric_bike
casual,electric_bike
casual,electric_bike
casual,electric_bike
casual,electric_bike
casual,electric_bike
casual,electric_bike
casual,electric_bike
casual,electric_bike
casual,electric_bike
casual,electric_bike
casual,electric_bike
casual,electric_bike
casual,electric_bike
casual,electric_bike
casual,electric_bike
casual,electric_bike
casual,electric_bike
casual,electric_bike
casual,electric_bike
casual,electric_bike
casual,electric_bike
casual,electric_bike
casual,electric_bike
casual,electric_bike
casual,electric_bike
casual,electric_bike
casual,electric_bike
casual,electric_bike
casual,electric_bike
casual,electric_bike
casual,electric_bike
casual,electric_bike
casual,electric_bike
casual,electric_bike
casual,electric_bike
casual,electric_bike
casual,electric_bike
casual,electric_bike
casual,electric_bike
casual,electric_bike
casual,electric_bike
casual,electric_bike
casual,electric_bike
casual,electric_bike
casual,electric_bike
casual,electric_bike
casual,electric_bike
casual,electric_bike
casual,electric_bike
casual,electric_bike
casual,electric_bike
casual,electric_bike
casual,electric_bike
casual,electric_bike
casual,electric_bike
casual,electric_bike
casual,electric_bike
casual,electric_bike
casual,electric_bike
casual,electric_bike
casual,electric_bike
casual,electric_bike
casual,electric_bike
casual,electric_bike
casual,electric_bike
casual,electric_bike
casual,electric_bike
casual,electric_bike
casual,electric_bike
casual,electric_bike
casual,electric_bike
casual,electric_bike
casual,electric_bike
casual,electric_bike
casual,electric_bike
casual,electric_bike
casual,electric_bike
casual,electric_bike
casual,electric_bike
casual,electric_bike
casual,electric_bike
casual,electric_bike
casual,electric_bike
casual,electric_bike
casual,electric_bike
casual,electric_bike
casual,electric_bike
casual,electric_bike
casual,electric_bike
casual,electric_bike
casual,electric_bike
casual,electric_bike
casual,electric_bike
casual,electric_bike
casual,electric_bike
casual,electric_bike
casual,electric_bike
casual,electric_bike
casual,electric_bike
casual,electric_bike
casual,electric_bike
casual,electric_bike
casual,electric_bike
casual,electric_bike
casual,electric_bike
casual,electric_bike
casual,electric_bike
casual,electric_bike
casual,electric_bike
casual,electric_bike
casual,electric_bike
casual,electric_bike
casual,electric_bike
casual,electric_bike
casual,electric_bike
casual,electric_bike
casual,electric_bike
casual,electric_bike
casual,electric_bike
casual,electric_bike
casual,electric_bike
casual,electric_bike
casual,electric_bike
casual,electric_bike
casual,electric_bike
casual,electric_bike
casual,electric_bike
casual,electric_bike
casual,electric_bike
casual,electric_bike
casual,electric_bike
casual,electric_bike
casual,electric_bike
casual,electric_bike
casual,electric_bike
casual,electric_bike
casual,electric_bike
casual,electric_bike
casual,electric_bike
casual,electric_bike
casual,electric_bike
casual,electric_bike
casual,electric_bike
casual,electric_bike
casual,electric_bike
casual,electric_bike
casual,electric_bike
casual,electric_bike
casual,electric_bike
casual,electric_bike
casual,electric_bike
casual,electric_bike
casual,electric_bike
casual,electric_bike
casual,electric_bike
casual,electric_bike
casual,electric_bike
casual,electric_bike
casual,electric_bike
casual,electric_bike
casual,electric_bike
casual,electric_bike
casual,electric_bike
casual,electric_bike
casual,electric_bike
casual,electric_bike
casual,electric_bike
casual,electric_bike
casual,electric_bike
casual,electric_bike
casual,electric_bike
casual,electric_bike
casual,electric_bike
casual,electric_bike
casual,electric_bike
casual,electric_bike
casual,electric_bike
casual,electric_bike
casual,electric_bike
casual,electric_bike
casual,electric_bike
casual,electric_bike
casual,electric_bike
casual,electric_bike
casual,electric_bike
casual,electric_bike
casual,electric_bike
casual,electric_bike
casual,electric_bike
casual,electric_bike
casual,electric_bike
casual,electric_bike
casual,electric_bike
casual,electric_bike
casual,electric_bike
casual,electric_bike
casual,electric_bike
casual,electric_bike
casual,electric_bike
casual,electric_bike
casual,electric_bike
casual,electric_bike
casual,electric_bike
casual,electric_bike
casual,electric_bike
casual,electric_bike
casual,electric_bike
casual,electric_bike
casual,electric_bike
casual,electric_bike
casual,electric_bike
casual,electric_bike
casual,electric_bike
casual,electric_bike
casual,electric_bike
casual,electric_bike
casual,electric_bike
casual,electric_bike
casual,electric_bike
casual,electric_bike
casual,electric_bike
casual,electric_bike
casual,electric_bike
casual,electric_bike
casual,electric_bike
casual,electric_bike
casual,electric_bike
casual,electric_bike
casual,electric_bike
casual,electric_bike
casual,electric_bike
casual,electric_bike
casual,electric_bike
casual,electric_bike
casual,electric_bike
casual,electric_bike
casual,electric_bike
casual,electric_bike
casual,electric_bike
casual,electric_bike
casual,electric_bike
casual,electric_bike
casual,electric_bike
casual,electric_bike
casual,electric_bike
casual,electric_bike
casual,electric_bike
casual,electric_bike
casual,electric_bike
casual,electric_bike
casual,electric_bike
casual,electric_bike
casual,electric_bike
casual,electric_bike
casual,electric_bike
casual,electric_bike
casual,electric_bike
casual,electric_bike
casual,electric_bike
casual,electric_bike
casual,electric_bike
casual,electric_bike
casual,electric_bike
casual,electric_bike
casual,electric_bike
casual,electric_bike
casual,electric_bike
casual,electric_bike
casual,electric_bike
casual,electric_bike
casual,electric_bike
casual,electric_bike
casual,electric_bike
casual,electric_bike
casual,electric_bike
casual,electric_bike
casual,electric_bike
casual,electric_bike
casual,electric_bike
casual,electric_bike
casual,electric_bike
casual,electric_bike
casual,electric_bike
casual,electric_bike
casual,electric_bike
casual,electric_bike
casual,electric_bike
casual,electric_bike
casual,electric_bike
casual,electric_bike
casual,electric_bike
casual,electric_bike
casual,electric_bike
casual,electric_bike
casual,electric_bike
casual,electric_bike
casual,electric_bike
casual,electric_bike
casual,electric_bike
casual,electric_bike
casual,electric_bike
casual,electric_bike
casual,electric_bike
casual,electric_bike
casual,electric_bike
casual,electric_bike
casual,electric_bike
casual,electric_bike
casual,electric_bike
casual,electric_bike
casual,electric_bike
casual,electric_bike
casual,electric_bike
casual,electric_bike
casual,electric_bike
casual,electric_bike
casual,electric_bike
casual,electric_bike
casual,electric_bike
casual,electric_bike
casual,electric_bike
casual,electric_bike
casual,electric_bike
casual,electric_bike
casual,electric_bike
casual,electric_bike
casual,electric_bike
casual,electric_bike
casual,electric_bike
casual,electric_bike
casual,electric_bike
casual,electric_bike
casual,electric_bike
casual,electric_bike
casual,electric_bike
casual,electric_bike
casual,electric_bike
casual,electric_bike
casual,electric_bike
casual,electric_bike
casual,electric_bike
casual,electric_bike
casual,electric_bike
casual,electric_bike
casual,electric_bike
casual,electric_bike
casual,electric_bike
casual,electric_bike
casual,electric_bike
casual,electric_bike
casual,electric_bike
casual,electric_bike
casual,electric_bike
casual,electric_bike
casual,electric_bike
casual,electric_bike
casual,electric_bike
casual,electric_bike
casual,electric_bike
casual,electric_bike
casual,electric_bike
casual,electric_bike
casual,electric_bike
casual,electric_bike
casual,electric_bike
casual,electric_bike
casual,electric_bike
casual,electric_bike
casual,electric_bike
casual,electric_bike
casual,electric_bike
casual,electric_bike
casual,electric_bike
casual,electric_bike
casual,electric_bike
casual,electric_bike
casual,electric_bike
casual,electric_bike
casual,electric_bike
casual,electric_bike
casual,electric_bike
casual,electric_bike
casual,electric_bike
casual,electric_bike
casual,electric_bike
casual,electric_bike
casual,electric_bike
casual,electric_bike
casual,electric_bike
casual,electric_bike
casual,electric_bike
casual,electric_bike
casual,electric_bike
casual,electric_bike
casual,electric_bike
casual,electric_bike
casual,electric_bike
casual,electric_bike
casual,electric_bike
casual,electric_bike
casual,electric_bike
casual,electric_bike
casual,electric_bike
casual,electric_bike
casual,electric_bike
casual,electric_bike
casual,electric_bike
casual,electric_bike
casual,electric_bike
casual,electric_bike
casual,electric_bike
casual,electric_bike
casual,electric_bike
casual,electric_bike
casual,electric_bike
casual,electric_bike
casual,electric_bike
casual,electric_bike
casual,electric_bike
casual,electric_bike
casual,electric_bike
casual,electric_bike
casual,electric_bike
casual,electric_bike
casual,electric_bike
casual,electric_bike
casual,electric_bike
casual,electric_bike
casual,electric_bike
casual,electric_bike
casual,electric_bike
casual,electric_bike
casual,electric_bike
casual,electric_bike
casual,electric_bike
casual,electric_bike
casual,electric_bike
casual,electric_bike
casual,electric_bike
casual,electric_bike
casual,electric_bike
casual,electric_bike
casual,electric_bike
casual,electric_bike
casual,electric_bike
casual,electric_bike
casual,electric_bike
casual,electric_bike
casual,electric_bike
casual,electric_bike
casual,electric_bike
casual,electric_bike
casual,electric_bike
casual,electric_bike
casual,electric_bike
casual,electric_bike
casual,electric_bike
casual,electric_bike
casual,electric_bike
casual,electric_bike
casual,electric_bike
casual,electric_bike
casual,electric_bike
casual,electric_bike
casual,electric_bike
casual,electric_bike
casual,electric_bike
casual,electric_bike
casual,electric_bike
casual,electric_bike
casual,electric_bike
casual,electric_bike
casual,electric_bike
casual,electric_bike
casual,electric_bike
casual,electric_bike
casual,electric_bike
casual,electric_bike
casual,electric_bike
casual,electric_bike
casual,electric_bike
casual,electric_bike
casual,electric_bike
casual,electric_bike
casual,electric_bike
casual,electric_bike
casual,electric_bike
casual,electric_bike
casual,electric_bike
casual,electric_bike
casual,electric_bike
casual,electric_bike
casual,electric_bike
casual,electric_bike
casual,electric_bike
casual,electric_bike
casual,electric_bike
casual,electric_bike
casual,electric_bike
casual,electric_bike
casual,electric_bike
casual,electric_bike
casual,electric_bike
casual,electric_bike
casual,electric_bike
casual,electric_bike
casual,electric_bike
casual,electric_bike
casual,electric_bike
casual,electric_bike
casual,electric_bike
casual,electric_bike
casual,electric_bike
casual,electric_bike
casual,electric_bike
casual,electric_bike
casual,electric_bike
casual,electric_bike
casual,electric_bike
casual,electric_bike
casual,electric_bike
casual,electric_bike
casual,electric_bike
casual,electric_bike
casual,electric_bike
casual,electric_bike
casual,electric_bike
casual,electric_bike
casual,electric_bike
casual,electric_bike
casual,electric_bike
casual,electric_bike
casual,electric_bike
casual,electric_bike
casual,electric_bike
casual,electric_bike
casual,electric_bike
casual,electric_bike
casual,electric_bike
casual,electric_bike
casual,electric_bike
casual,electric_bike
casual,electric_bike
casual,electric_bike
casual,electric_bike
casual,electric_bike
casual,electric_bike
casual,electric_bike
casual,electric_bike
casual,electric_bike
casual,electric_bike
casual,electric_bike
casual,electric_bike
casual,electric_bike
casual,electric_bike
casual,electric_bike
casual,electric_bike
casual,electric_bike
casual,electric_bike
casual,electric_bike
casual,electric_bike
casual,electric_bike
casual,electric_bike
casual,electric_bike
casual,electric_bike
casual,electric_bike
casual,electric_bike
casual,electric_bike
casual,electric_bike
casual,electric_bike
casual,electric_bike
casual,electric_bike
casual,electric_bike
casual,electric_bike
casual,electric_bike
casual,electric_bike
casual,electric_bike
casual,electric_bike
casual,electric_bike
casual,electric_bike
casual,electric_bike
casual,electric_bike
casual,electric_bike
casual,electric_bike
casual,electric_bike
casual,electric_bike
casual,electric_bike
casual,electric_bike
casual,electric_bike
casual,electric_bike
casual,electric_bike
casual,electric_bike
casual,electric_bike
casual,electric_bike
casual,electric_bike
casual,electric_bike
casual,electric_bike
casual,electric_bike
casual,electric_bike
casual,electric_bike
casual,electric_bike
casual,electric_bike
casual,electric_bike
casual,electric_bike
casual,electric_bike
casual,electric_bike
casual,electric_bike
casual,electric_bike
casual,electric_bike
casual,electric_bike
casual,electric_bike
casual,electric_bike
casual,electric_bike
casual,electric_bike
casual,electric_bike
casual,electric_bike
casual,electric_bike
casual,electric_bike
casual,electric_bike
casual,electric_bike
casual,electric_bike
casual,electric_bike
casual,electric_bike
casual,electric_bike
casual,electric_bike
casual,electric_bike
casual,electric_bike
casual,electric_bike
casual,electric_bike
casual,electric_bike
casual,electric_bike
casual,electric_bike
casual,electric_bike
casual,electric_bike
casual,electric_bike
casual,electric_bike
casual,electric_bike
casual,electric_bike
casual,electric_bike
casual,electric_bike
casual,electric_bike
casual,electric_bike
casual,electric_bike
casual,electric_bike
casual,electric_bike
casual,electric_bike
casual,electric_bike
casual,electric_bike
casual,electric_bike
casual,electric_bike
casual,electric_bike
casual,electric_bike
casual,electric_bike
casual,electric_bike
casual,electric_bike
casual,electric_bike
casual,electric_bike
casual,electric_bike
casual,electric_bike
casual,electric_bike
casual,electric_bike
casual,electric_bike
casual,electric_bike
casual,electric_bike
casual,electric_bike
casual,electric_bike
casual,electric_bike
casual,electric_bike
casual,electric_bike
casual,electric_bike
casual,electric_bike
casual,electric_bike
casual,electric_bike
casual,electric_bike
casual,electric_bike
casual,electric_bike
casual,electric_bike
casual,electric_bike
casual,electric_bike
casual,electric_bike
casual,electric_bike
casual,electric_bike
casual,electric_bike
casual,electric_bike
casual,electric_bike
casual,electric_bike
casual,electric_bike
casual,electric_bike
casual,electric_bike
casual,electric_bike
casual,electric_bike
casual,electric_bike
casual,electric_bike
casual,electric_bike
casual,electric_bike
casual,electric_bike
casual,electric_bike
casual,electric_bike
casual,electric_bike
casual,electric_bike
casual,electric_bike
casual,electric_bike
casual,electric_bike
casual,electric_bike
casual,electric_bike
casual,electric_bike
casual,electric_bike
casual,electric_bike
casual,electric_bike
casual,electric_bike
casual,electric_bike
casual,electric_bike
casual,electric_bike
casual,electric_bike
casual,electric_bike
casual,electric_bike
casual,electric_bike
casual,electric_bike
casual,electric_bike
casual,electric_bike
casual,electric_bike
casual,electric_bike
casual,electric_bike
casual,electric_bike
casual,electric_bike
casual,electric_bike
casual,electric_bike
casual,electric_bike
casual,electric_bike
casual,electric_bike
casual,electric_bike
casual,electric_bike
casual,electric_bike
casual,electric_bike
casual,electric_bike
casual,electric_bike
casual,electric_bike
casual,electric_bike
casual,electric_bike
casual,electric_bike
casual,electric_bike